2,http://192.168.43.3:8080/Product_Images/2.jpeg,327769
3,http://192.168.43.3:8080/Product_Images/3.jpg,275945
4,http://192.168.43.3:8080/Product_Images/4.jpg,234327
5,http://192.168.43.3:8080/Product_Images/5.jpg,189905
6,http://192.168.43.3:8080/Product_Images/6.jpeg,182289
7,http://192.168.43.3:8080/Product_Images/7.jpg,181202
8,http://192.168.43.3:8080/Product_Images/8.jpg,175486
9,http://192.168.43.3:8080/Product_Images/9.jpg,175285
10,http://192.168.43.3:8080/Product_Images/10.jpg,163709
11,http://192.168.43.3:8080/Product_Images/11.jpg,153509
12,http://192.168.43.3:8080/Product_Images/12.jpg,148950
13,http://192.168.43.3:8080/Product_Images/13.jpg,132148
14,http://192.168.43.3:8080/Product_Images/14.jpg,122772
15,http://192.168.43.3:8080/Product_Images/15.jpeg,100171
16,http://192.168.43.3:8080/Product_Images/16.jpg,88048
17,http://192.168.43.3:8080/Product_Images/17.jpg,83329
18,http://192.168.43.3:8080/Product_Images/18.jpg,73821
19,http://192.168.43.3:8080/Product_Images/19.jpeg,73341
20,http://192.168.43.3:8080/Product_Images/20.jpeg,72182
21,http://192.168.43.3:8080/Product_Images/21.jpg,70942
22,http://192.168.43.3:8080/Product_Images/22.jpg,69359
23,http://192.168.43.3:8080/Product_Images/23.jpg,68701
24,http://192.168.43.3:8080/Product_Images/24.jpg,68661
25,http://192.168.43.3:8080/Product_Images/25.jpg,65654
26,http://192.168.43.3:8080/Product_Images/26.png,65122
27,http://192.168.43.3:8080/Product_Images/27.jpg,63635
28,http://192.168.43.3:8080/Product_Images/28.jpg,62370
29,http://192.168.43.3:8080/Product_Images/29.jpg,62045
30,http://192.168.43.3:8080/Product_Images/30.jpg,60075
31,http://192.168.43.3:8080/Product_Images/31.jpg,59640
32,http://192.168.43.3:8080/Product_Images/32.jpg,59497
33,http://192.168.43.3:8080/Product_Images/33.jpg,53709
34,http://192.168.43.3:8080/Product_Images/34.jpg,52480
35,http://192.168.43.3:8080/Product_Images/35.jpg,51970
36,http://192.168.43.3:8080/Product_Images/36.jpg,51057
37,http://192.168.43.3:8080/Product_Images/37.jpg,50822
38,http://192.168.43.3:8080/Product_Images/38.jpg,49265
39,http://192.168.43.3:8080/Product_Images/39.jpg,47129
40,http://192.168.43.3:8080/Product_Images/40.jpg,46042
41,http://192.168.43.3:8080/Product_Images/41.jpg,44036
42,http://192.168.43.3:8080/Product_Images/42.jpg,43213
43,http://192.168.43.3:8080/Product_Images/43.jpg,41299
44,http://192.168.43.3:8080/Product_Images/44.jpg,39642
45,http://192.168.43.3:8080/Product_Images/45.jpeg,37828
46,http://192.168.43.3:8080/Product_Images/46.jpg,37318
47,http://192.168.43.3:8080/Product_Images/47.jpg,36470
48,http://192.168.43.3:8080/Product_Images/48.jpg,33329
49,http://192.168.43.3:8080/Product_Images/49.jpg,31973
50,http://192.168.43.3:8080/Product_Images/50.jpg,31915
51,http://192.168.43.3:8080/Product_Images/51.jpeg,31810
